W	X	Y	Z	D	SE	Z.value
 Ghgam	 GAgam	 AOcol	 ac_chri	-0.02005753150261736	0.002185040338947028	-9.179478815609919
 CMgam	 GAgam	 AOcol	 ac_chri	-0.025841534092956232	0.0019271329320940164	-13.409315809302738
 BFgam	 GAgam	 AOcol	 ac_chri	-0.026695324839653055	0.0020045682100443083	-13.317244434931446
 FRgam	 GAgam	 AOcol	 ac_chri	-0.011018070333225091	 0.0030814067611196075	-3.575662412456625
 GNgam	 GAgam	 AOcol	 ac_chri	-0.027225973735287002	 0.0020166600671891683	-13.50052702398908
 GQgam	 GAgam	 AOcol	 ac_chri	-0.0019501305533854059	0.0022088947600704266	-0.8828535377227431
 UGgam	 Gagam	 AOcol	 ac_chri	-0.024102163152454188	0.001965572945784415	-12.26215654023238
