W	X	Y	Z	D	SE	Z.value
 GHgam	 GAgam	 GHcol	 ac_chri	-0.0025818697271395743	0.0019431684489664178	-1.3286906384842165
 CMgam	 GAgam	 GHcol	 ac_chri	-0.01284021071038842	0.0016608100230443418	-7.731294086756363
 BFgam	 GAgam	 GHcol	 ac_chri	-0.010767489100868412	0.0017418262087351593	-6.181724127740223
 FRgam	 GAgam	 GHcol	 ac_chri	-0.006078239882784388	0.0028687387016731636	-2.1187847743816173
 GNgam	 GAgam	 GHcol	 ac_chri	-0.012187385751516443	0.0017073178591160982	-7.138322654122542
 GQgam	 GAgam	 GHcol	 ac_chri	0.0024093875012494593	0.001933438978425467	1.2461668188833093
 UGgam	 GAgam	 GHcol	 ac_chri	-0.013852611541236995	0.0017264947820117536	-8.023546717642319
