W	X	Y	Z	D	SE	Z.value
 GHgam	 GAgam	 GNcol	 ac_chri	-0.0018525536534316702	0.0020629925101151446	-0.8979933976242459
 CMgam	 GAgam	 GNcol	 ac_chri	-0.011794932318105782	0.0017358516270035735	-6.794896599812618
 BFgam	 GAgam	 Gncol	 ac_chri	-0.010022149330379917	0.0017618386728278502	-5.688460291482763
 FRgam	 GAgam	 GNcol	 ac_chri	-0.005552833954362548	0.00300540714092501	-1.847614547376595
 GNgam	 GAgam	 GNcol	 ac_chri	-0.01096222536362285	0.001758538621795844	-6.23371316828292
 GQgam	 GAgam	 GNcol	 ac_chri	0.0023095996919326976	 0.0021086736773690204	1.0952854947259414
 UGgam	 GAgam	 GNcol	 ac_chri	-0.01271017321817529	0.0018093293093118439	-7.0247981684491965
